[
    {
        "productionOrder": "261112711",
        "salesOrder": "105687611",
        "vendorWorkOrderId": "718721788",
        "orderClassification": "GB ENT Order",
        "blanketPoNum": "C4NA5C",
        "actualPoNum": null,
        "orderType": "CTO",
        "region": null,
        "sscType": null,
        "orderDate": "2020-12-14",
        "createDate": "2021-07-06T09:33:06.028+00:00",
        "shipByDate": "2021-01-04",
        "pendProductionDate": "2021-07-06",
        "inProductionDate": null,
        "totalPrice": 134271,
        "currency": "GBP",
        "orderQty": "3",
        "companyNum": "51",
        "locationNum": "66",
        "billingName": null,
        "billingComapny": "DualEntity0602",
        "billingAddress1": "10 Downing Street",
        "billingAddress2": null,
        "billingCity": "Liverpool",
        "billingState": "Merseyside",
        "billingCode": "GB",
        "international": "Unknown",
        "familyCode": null,
        "workCenter": "NA",
        "baseTypeCode": "BODAE",
        "basePartNum": "100-566-116-00",
        "basePartDesc": "SUBASSY,CHAS,3U,15X3.5,12G,EXP",
        "orderPriority": "2",
        "shipMethod": null,
        "partialShip": null,
        "carrierCode": null,
        "shippingName": null,
        "shippingCompanyName": "DualEntity0602",
        "shippingAddress1": "10 Downing Street",
        "shippingAddress2": null,
        "shippingCity": "Liverpool",
        "shippingState": "Merseyside",
        "shippingCountry": "GB",
        "serviceTag": null,
        "mabd": "1900-01-01 00:00:00"
    },
    {
        "productionOrder": "261112711",
        "salesOrder": "105687611",
        "vendorWorkOrderId": "718721788",
        "orderClassification": "GB ENT Order",
        "blanketPoNum": "C4NA5C",
        "actualPoNum": null,
        "orderType": "CTO",
        "region": null,
        "sscType": null,
        "orderDate": "2020-12-14",
        "createDate": "2021-07-06T09:33:06.028+00:00",
        "shipByDate": "2021-01-04",
        "pendProductionDate": "2021-07-06",
        "inProductionDate": null,
        "totalPrice": 134271,
        "currency": "GBP",
        "orderQty": "3",
        "companyNum": "51",
        "locationNum": "66",
        "billingName": null,
        "billingComapny": "DualEntity0602",
        "billingAddress1": "10 Downing Street",
        "billingAddress2": null,
        "billingCity": "Liverpool",
        "billingState": "Merseyside",
        "billingCode": "GB",
        "international": "Unknown",
        "familyCode": null,
        "workCenter": "NA",
        "baseTypeCode": "BODAE",
        "basePartNum": "100-566-116-00",
        "basePartDesc": "SUBASSY,CHAS,3U,15X3.5,12G,EXP",
        "orderPriority": "2",
        "shipMethod": null,
        "partialShip": null,
        "carrierCode": null,
        "shippingName": null,
        "shippingCompanyName": "DualEntity0602",
        "shippingAddress1": "10 Downing Street",
        "shippingAddress2": null,
        "shippingCity": "Liverpool",
        "shippingState": "Merseyside",
        "shippingCountry": "GB",
        "serviceTag": null,
        "mabd": "1900-01-01 00:00:00"
    },
    {
        "productionOrder": "261112711",
        "salesOrder": "105687611",
        "vendorWorkOrderId": "718721788",
        "orderClassification": "GB ENT Order",
        "blanketPoNum": "C4NA5C",
        "actualPoNum": null,
        "orderType": "CTO",
        "region": null,
        "sscType": null,
        "orderDate": "2020-12-14",
        "createDate": "2021-07-06T09:33:06.028+00:00",
        "shipByDate": "2021-01-04",
        "pendProductionDate": "2021-07-06",
        "inProductionDate": null,
        "totalPrice": 134271,
        "currency": "GBP",
        "orderQty": "3",
        "companyNum": "51",
        "locationNum": "66",
        "billingName": null,
        "billingComapny": "DualEntity0602",
        "billingAddress1": "10 Downing Street",
        "billingAddress2": null,
        "billingCity": "Liverpool",
        "billingState": "Merseyside",
        "billingCode": "GB",
        "international": "Unknown",
        "familyCode": null,
        "workCenter": "NA",
        "baseTypeCode": "BODAE",
        "basePartNum": "100-566-116-00",
        "basePartDesc": "SUBASSY,CHAS,3U,15X3.5,12G,EXP",
        "orderPriority": "2",
        "shipMethod": null,
        "partialShip": null,
        "carrierCode": null,
        "shippingName": null,
        "shippingCompanyName": "DualEntity0602",
        "shippingAddress1": "10 Downing Street",
        "shippingAddress2": null,
        "shippingCity": "Liverpool",
        "shippingState": "Merseyside",
        "shippingCountry": "GB",
        "serviceTag": null,
        "mabd": "1900-01-01 00:00:00"
    },
    {
        "productionOrder": "261112711",
        "salesOrder": "105687611",
        "vendorWorkOrderId": "718721788",
        "orderClassification": "GB ENT Order",
        "blanketPoNum": "C4NA5C",
        "actualPoNum": null,
        "orderType": "CTO",
        "region": null,
        "sscType": null,
        "orderDate": "2020-12-14",
        "createDate": "2021-07-06T09:33:06.028+00:00",
        "shipByDate": "2021-01-04",
        "pendProductionDate": "2021-07-06",
        "inProductionDate": null,
        "totalPrice": 134271,
        "currency": "GBP",
        "orderQty": "3",
        "companyNum": "51",
        "locationNum": "66",
        "billingName": null,
        "billingComapny": "DualEntity0602",
        "billingAddress1": "10 Downing Street",
        "billingAddress2": null,
        "billingCity": "Liverpool",
        "billingState": "Merseyside",
        "billingCode": "GB",
        "international": "Unknown",
        "familyCode": null,
        "workCenter": "NA",
        "baseTypeCode": "BODAE",
        "basePartNum": "100-566-116-00",
        "basePartDesc": "SUBASSY,CHAS,3U,15X3.5,12G,EXP",
        "orderPriority": "2",
        "shipMethod": null,
        "partialShip": null,
        "carrierCode": null,
        "shippingName": null,
        "shippingCompanyName": "DualEntity0602",
        "shippingAddress1": "10 Downing Street",
        "shippingAddress2": null,
        "shippingCity": "Liverpool",
        "shippingState": "Merseyside",
        "shippingCountry": "GB",
        "serviceTag": null,
        "mabd": "1900-01-01 00:00:00"
    },
    {
        "productionOrder": "261112711",
        "salesOrder": "105687611",
        "vendorWorkOrderId": "718721788",
        "orderClassification": "GB ENT Order",
        "blanketPoNum": "C4NA5C",
        "actualPoNum": null,
        "orderType": "CTO",
        "region": null,
        "sscType": null,
        "orderDate": "2020-12-14",
        "createDate": "2021-07-06T09:33:06.028+00:00",
        "shipByDate": "2021-01-04",
        "pendProductionDate": "2021-07-06",
        "inProductionDate": null,
        "totalPrice": 134271,
        "currency": "GBP",
        "orderQty": "3",
        "companyNum": "51",
        "locationNum": "66",
        "billingName": null,
        "billingComapny": "DualEntity0602",
        "billingAddress1": "10 Downing Street",
        "billingAddress2": null,
        "billingCity": "Liverpool",
        "billingState": "Merseyside",
        "billingCode": "GB",
        "international": "Unknown",
        "familyCode": null,
        "workCenter": "NA",
        "baseTypeCode": "BODAE",
        "basePartNum": "100-566-116-00",
        "basePartDesc": "SUBASSY,CHAS,3U,15X3.5,12G,EXP",
        "orderPriority": "2",
        "shipMethod": null,
        "partialShip": null,
        "carrierCode": null,
        "shippingName": null,
        "shippingCompanyName": "DualEntity0602",
        "shippingAddress1": "10 Downing Street",
        "shippingAddress2": null,
        "shippingCity": "Liverpool",
        "shippingState": "Merseyside",
        "shippingCountry": "GB",
        "serviceTag": null,
        "mabd": "1900-01-01 00:00:00"
    },
    {
        "productionOrder": "261112711",
        "salesOrder": "105687611",
        "vendorWorkOrderId": "718721788",
        "orderClassification": "GB ENT Order",
        "blanketPoNum": "C4NA5C",
        "actualPoNum": null,
        "orderType": "CTO",
        "region": null,
        "sscType": null,
        "orderDate": "2020-12-14",
        "createDate": "2021-07-06T09:33:06.028+00:00",
        "shipByDate": "2021-01-04",
        "pendProductionDate": "2021-07-06",
        "inProductionDate": null,
        "totalPrice": 134271,
        "currency": "GBP",
        "orderQty": "3",
        "companyNum": "51",
        "locationNum": "66",
        "billingName": null,
        "billingComapny": "DualEntity0602",
        "billingAddress1": "10 Downing Street",
        "billingAddress2": null,
        "billingCity": "Liverpool",
        "billingState": "Merseyside",
        "billingCode": "GB",
        "international": "Unknown",
        "familyCode": null,
        "workCenter": "NA",
        "baseTypeCode": "BODAE",
        "basePartNum": "100-566-116-00",
        "basePartDesc": "SUBASSY,CHAS,3U,15X3.5,12G,EXP",
        "orderPriority": "2",
        "shipMethod": null,
        "partialShip": null,
        "carrierCode": null,
        "shippingName": null,
        "shippingCompanyName": "DualEntity0602",
        "shippingAddress1": "10 Downing Street",
        "shippingAddress2": null,
        "shippingCity": "Liverpool",
        "shippingState": "Merseyside",
        "shippingCountry": "GB",
        "serviceTag": null,
        "mabd": "1900-01-01 00:00:00"
    },
    {
        "productionOrder": "261112711",
        "salesOrder": "105687611",
        "vendorWorkOrderId": "718721788",
        "orderClassification": "GB ENT Order",
        "blanketPoNum": "C4NA5C",
        "actualPoNum": null,
        "orderType": "CTO",
        "region": null,
        "sscType": null,
        "orderDate": "2020-12-14",
        "createDate": "2021-07-06T09:33:06.028+00:00",
        "shipByDate": "2021-01-04",
        "pendProductionDate": "2021-07-06",
        "inProductionDate": null,
        "totalPrice": 134271,
        "currency": "GBP",
        "orderQty": "3",
        "companyNum": "51",
        "locationNum": "66",
        "billingName": null,
        "billingComapny": "DualEntity0602",
        "billingAddress1": "10 Downing Street",
        "billingAddress2": null,
        "billingCity": "Liverpool",
        "billingState": "Merseyside",
        "billingCode": "GB",
        "international": "Unknown",
        "familyCode": null,
        "workCenter": "NA",
        "baseTypeCode": "BODAE",
        "basePartNum": "100-566-116-00",
        "basePartDesc": "SUBASSY,CHAS,3U,15X3.5,12G,EXP",
        "orderPriority": "2",
        "shipMethod": null,
        "partialShip": null,
        "carrierCode": null,
        "shippingName": null,
        "shippingCompanyName": "DualEntity0602",
        "shippingAddress1": "10 Downing Street",
        "shippingAddress2": null,
        "shippingCity": "Liverpool",
        "shippingState": "Merseyside",
        "shippingCountry": "GB",
        "serviceTag": null,
        "mabd": "1900-01-01 00:00:00"
    }
]